Workbook

Sheet Maandag
A1: Datum | B1: Week | C1: Totalen
A2: =TODAY() -> 46133 | B2: =WEEKNUM(A2) -> 17
A3: Vracht | D3: Rewe/Penny | E3: Hanos | F3: McD Dusiburg | G3: MCD BE | H3: Carrefour FIF | I3: McD NL | J3: McD DE | K3: McD UK | L3: DK auto 1 | M3: DK auto 2 | N3: Rewe / Penny | O3: Rewe / Penny | P3: Rewe / Penny | Q3: Rewe / Penny | R3: Netto MD | S3: Carrefour KDC | T3: Colruyt | U3: Hello Fresh
A4: Opmerking | D4: ma t/m za | E4: ma t/m za | F4: ma t/m za | G4: ma t/m za | H4: ma t/m za | I4: ma t/m za | J4: ma t/m za | K4: ma t/m za | L4: ma t/m za | M4: ma t/mza | N4: ma t/mza | O4: ma t/mza | P4: ma t/mza | Q4: ma t/mza | S4: ma t/m za | T4: ma t/m za | U4: Ma Di Do Vr Za
A5: Totaal aantal auto's | C5: =SUM(D5:T5) -> 0 | D5: =COUNT(D14) -> 0 | E5: 0 | F5: 0 | G5: =COUNT(G14) -> 0 | H5: 0 | I5: =COUNT(I14) -> 0 | J5: =COUNT(J14) -> 0 | K5: =COUNT(K14) -> 0 | L5: =COUNT(L14) -> 0 | S5: =COUNT(S14) -> 0 | T5: =COUNT(T14) -> 0 | U5: 0
A7: Bon afgemeld (Admin) | C7: Naam
A8: Fysieke controle + inspectie auto (Picker) | C8: Naam
A9: Gemeten temperatuur voor verladen | C9: °C
A10: Ingestelde temperatuur voor verladen | C10: °C | D10: 3 | E10: 3 | F10: 3 | G10: 3 | H10: 3 | I10: 3 | J10: 3 | K10: 3 | L10: 3 | M10: 3 | N10: 3 | O10: 3 | P10: 3 | Q10: 3 | R10: 3 | S10: 3 | T10: 3 | U10: 3
A11: Logger geactiveerd | C11: Tijdstip | D11: x | E11: x | F11: x | G11: x | H11: x | I11: x | J11: x | K11: x | L11: x | M11: x | N11: x | O11: x | P11: x | Q11: x | R11: x | S11: x | T11: x | U11: x
A12: Wielkeggen geplaatst | B12: CONTROLE
A13: Tijdstip gepland vertrek | D13: 0.66666667 | E13: 0.375 | F13: 0.41666667 | G13: 0.45833333 | H13: 0.52083333 | I13: 0.54166667 | J13: 0.64583333 | K13: 0.66666667 | L13: 0.6875 | M13: 0.72916667 | N13: 0.70833333 | O13: 0.72916667 | P13: 0.75 | Q13: 0.79166667 | R13: 0.91666667 | S13: 0.16666667 | T13: 0.0625 | U13: 0.125
A14: Tijdstip werkelijk vertrek (Actual leaving time)
A15: Tijdstip aankomst chauffeur (Arrival time)
A16: Vertrek te laat % | B16: =COUNTIF(D16:L16,">0") -> 0 | C16: =B16/C5 -> #DIV/0! | D16: =D14-D13 -> -0.66666667 | E16: =E14-E13 -> -0.375 | F16: =F14-F13 -> -0.41666667 | G16: =G14-G13 -> -0.45833333 | H16: =H14-H13 -> -0.52083333 | I16: =I14-I13 -> -0.54166667 | J16: =J14-J13 -> -0.64583333 | K16: =K14-K13 -> -0.66666667 | ... U16: =U14-U13 -> -0.125
A17: Reden afwijking tijd (Reason why he is late)
A18: Overige producten mee? (Extra products loaded)
A19: Totaal aantal plaatsen | B19: (PP) | C19: =SUM(D19:T19) -> 0

Sheet Dinsdag
A1: Datum | B1: Week | C1: Totalen
A2: =Maandag!A2+1 -> 46134 | B2: =WEEKNUM(A2) -> 17
A3: Vracht | D3: Rewe/Penny | E3: Hanos | F3: McD Dusiburg | G3: MCD BE | H3: Carrefour FIF | I3: McD NL | J3: McD DE | K3: McD UK | L3: DK auto 1 | M3: DK auto 2 | N3: Rewe / Penny | O3: Rewe / Penny | P3: Rewe / Penny | Q3: Rewe / Penny | R3: Netto MD | S3: Carrefour KDC | T3: Colruyt
A4: Opmerking | D4: ma t/m za | E4: ma t/m za | F4: ma t/m za | G4: ma t/m za | H4: ma t/m za | I4: ma t/m za | J4: ma t/m za | K4: ma t/m za | L4: ma t/m za | M4: ma t/mza | N4: ma t/mza | O4: ma t/mza | P4: ma t/mza | Q4: ma t/mza | S4: ma t/m za | T4: ma t/m za
A5: Totaal aantal auto's | C5: =SUM(D5:T5) -> 0 | D5: =COUNT(D14) -> 0 | E5: 0 | F5: 0 | G5: =COUNT(G14) -> 0 | H5: 0 | I5: =COUNT(I14) -> 0 | J5: =COUNT(J14) -> 0 | K5: =COUNT(K14) -> 0 | L5: =COUNT(L14) -> 0 | S5: =COUNT(S14) -> 0 | T5: =COUNT(T14) -> 0
A7: Bon afgemeld (Admin) | C7: Naam
A8: Fysieke controle + inspectie auto (Picker) | C8: Naam
A9: Gemeten temperatuur voor verladen | C9: °C
A10: Ingestelde temperatuur voor verladen | C10: °C | D10: 3 | E10: 3 | F10: 3 | G10: 3 | H10: 3 | I10: 3 | J10: 3 | K10: 3 | L10: 3 | M10: 3 | N10: 3 | O10: 3 | P10: 3 | Q10: 3 | R10: 3 | S10: 3 | T10: 3
A11: Logger geactiveerd | C11: Tijdstip | D11: x | E11: x | F11: x | G11: x | H11: x | I11: x | J11: x | K11: x | L11: x | M11: x | N11: x | O11: x | P11: x | Q11: x | R11: x | S11: x | T11: x
A12: Wielkeggen geplaatst | B12: CONTROLE
A13: Tijdstip gepland vertrek | D13: 0.66666667 | E13: 0.375 | F13: 0.41666667 | G13: 0.45833333 | H13: 0.52083333 | I13: 0.54166667 | J13: 0.64583333 | K13: 0.66666667 | L13: 0.6875 | M13: 0.72916667 | N13: 0.70833333 | O13: 0.72916667 | P13: 0.75 | Q13: 0.79166667 | R13: 0.91666667 | S13: 0.16666667 | T13: 0.0625
A14: Tijdstip werkelijk vertrek (Actual leaving time)
A15: Tijdstip aankomst chauffeur (Arrival Time)
A16: Vertrek te laat % | B16: =COUNTIF(D16:N16,">0") -> 0 | C16: =B16/C5 -> #DIV/0! | D16: =D14-D13 -> -0.66666667 | E16: =E14-E13 -> -0.375 | F16: =F14-F13 -> -0.41666667 | G16: =G14-G13 -> -0.45833333 | H16: =H14-H13 -> -0.52083333 | I16: =I14-I13 -> -0.54166667 | J16: =J14-J13 -> -0.64583333 | K16: =K14-K13 -> -0.66666667 | ... T16: =T14-T13 -> -0.0625
A17: Reden afwijking tijd (Reason why he is late)
A18: Overige producten mee? (Extra products loaded)
A19: Totaal aantal plaatsen | C19: =SUM(D19:T19) -> 0

Sheet Woensdag
A1: Datum | B1: Week | C1: Totalen
A2: =Maandag!A2+2 -> 46135 | B2: =WEEKNUM(A2) -> 17
A3: Vracht | D3: Rewe/Penny | E3: Hanos | F3: McD Dusiburg | G3: MCD BE | H3: Carrefour FIF | I3: McD NL | J3: McD DE | K3: McD UK | L3: DK auto 1 | M3: DK auto 2 | N3: Rewe / Penny | O3: Rewe / Penny | P3: Rewe / Penny | Q3: Rewe / Penny | R3: Netto MD | S3: Carrefour KDC | T3: Colruyt
A4: Opmerking | D4: ma t/m za | E4: ma t/m za | F4: ma t/m za | G4: ma t/m za | H4: ma t/m za | I4: ma t/m za | J4: ma t/m za | K4: ma t/m za | L4: ma t/m za | M4: ma t/mza | N4: ma t/mza | O4: ma t/mza | P4: ma t/mza | Q4: ma t/mza | S4: ma t/m za | T4: ma t/m za
A5: Totaal aantal auto's | C5: =SUM(D5:T5) -> 0 | D5: =COUNT(D14) -> 0 | E5: 0 | F5: 0 | G5: =COUNT(G14) -> 0 | H5: 0 | I5: =COUNT(I14) -> 0 | J5: =COUNT(J14) -> 0 | K5: =COUNT(K14) -> 0 | L5: =COUNT(L14) -> 0 | S5: =COUNT(S14) -> 0 | T5: =COUNT(T14) -> 0
A7: Bon afgemeld (Admin) | C7: Naam
A8: Fysieke controle + inspectie auto (Picker) | C8: Naam
A9: Gemeten temperatuur voor verladen | C9: °C
A10: Ingestelde temperatuur voor verladen | C10: °C | D10: 3 | E10: 3 | F10: 3 | G10: 3 | H10: 3 | I10: 3 | J10: 3 | K10: 3 | L10: 3 | M10: 3 | N10: 3 | O10: 3 | P10: 3 | Q10: 3 | R10: 3 | S10: 3 | T10: 3
A11: Logger geactiveerd | C11: Tijdstip | D11: x | E11: x | F11: x | G11: x | H11: x | I11: x | J11: x | K11: x | L11: x | M11: x | N11: x | O11: x | P11: x | Q11: x | R11: x | S11: x | T11: x
A12: Wielkeggen geplaatst | B12: CONTROLE
A13: Tijdstip gepland vertrek | D13: 0.66666667 | E13: 0.375 | F13: 0.41666667 | G13: 0.45833333 | H13: 0.52083333 | I13: 0.54166667 | J13: 0.64583333 | K13: 0.66666667 | L13: 0.6875 | M13: 0.72916667 | N13: 0.70833333 | O13: 0.72916667 | P13: 0.75 | Q13: 0.79166667 | R13: 0.91666667 | S13: 0.16666667 | T13: 0.0625
A14: Tijdstip werkelijk vertrek (Actual leaving time)
A15: Tijdstip aankomst chauffeur (Arrival Time)
A16: Vertrek te laat % | B16: =COUNTIF(D16:M16,">0") -> 0 | C16: =B16/C5 -> #DIV/0! | D16: =D14-D13 -> -0.66666667 | E16: =E14-E13 -> -0.375 | F16: =F14-F13 -> -0.41666667 | G16: =G14-G13 -> -0.45833333 | H16: =H14-H13 -> -0.52083333 | I16: =I14-I13 -> -0.54166667 | J16: =J14-J13 -> -0.64583333 | K16: =K14-K13 -> -0.66666667 | ... T16: =T14-T13 -> -0.0625
A17: Reden afwijking tijd (Reason why he is late)
A18: Overige producten mee? (Extra products loaded)
A19: Totaal aantal plaatsen | C19: =SUM(D19:T19) -> 0

Sheet Donderdag
A1: Datum | B1: Week | C1: Totalen
A2: =Maandag!A2+3 -> 46136 | B2: =WEEKNUM(A2) -> 17
A3: Vracht | D3: Rewe/Penny | E3: Hanos | F3: McD Dusiburg | G3: MCD BE | H3: Carrefour FIF | I3: McD NL | J3: McD DE | K3: McD UK | L3: DK auto 1 | M3: DK auto 2 | N3: Rewe / Penny | O3: Rewe / Penny | P3: Rewe / Penny | Q3: Rewe / Penny | R3: Netto MD | S3: Carrefour KDC | T3: Colruyt | U3: Hello Fresh
A4: Opmerking | D4: ma t/m za | E4: ma t/m za | F4: ma t/m za | G4: ma t/m za | H4: ma t/m za | I4: ma t/m za | J4: ma t/m za | K4: ma t/m za | L4: ma t/m za | M4: ma t/mza | N4: ma t/mza | O4: ma t/mza | P4: ma t/mza | Q4: ma t/mza | S4: ma t/m za | T4: ma t/m za | U4: Ma Di Do Vr Za
A5: Totaal aantal auto's | C5: =SUM(D5:U5) -> 0 | D5: =COUNT(D14) -> 0 | E5: 0 | F5: 0 | G5: =COUNT(G14) -> 0 | H5: 0 | I5: =COUNT(I14) -> 0 | J5: =COUNT(J14) -> 0 | K5: =COUNT(K14) -> 0 | L5: =COUNT(L14) -> 0 | S5: =COUNT(S14) -> 0 | T5: =COUNT(T14) -> 0 | U5: 0
A7: Bon afgemeld (Admin) | C7: Naam
A8: Fysieke controle + inspectie auto (Picker) | C8: Naam
A9: Gemeten temperatuur voor verladen | C9: °C
A10: Ingestelde temperatuur voor verladen | C10: °C | D10: 3 | E10: 3 | F10: 3 | G10: 3 | H10: 3 | I10: 3 | J10: 3 | K10: 3 | L10: 3 | M10: 3 | N10: 3 | O10: 3 | P10: 3 | Q10: 3 | R10: 3 | S10: 3 | T10: 3 | U10: 3
A11: Logger geactiveerd | C11: Tijdstip | D11: x | E11: x | F11: x | G11: x | H11: x | I11: x | J11: x | K11: x | L11: x | M11: x | N11: x | O11: x | P11: x | Q11: x | R11: x | S11: x | T11: x | U11: x
A12: Wielkeggen geplaatst | B12: CONTROLE
A13: Tijdstip gepland vertrek | D13: 0.66666667 | E13: 0.375 | F13: 0.41666667 | G13: 0.45833333 | H13: 0.52083333 | I13: 0.54166667 | J13: 0.64583333 | K13: 0.66666667 | L13: 0.6875 | M13: 0.72916667 | N13: 0.70833333 | O13: 0.72916667 | P13: 0.75 | Q13: 0.79166667 | R13: 0.91666667 | S13: 0.16666667 | T13: 0.0625 | U13: 0.125
A14: Tijdstip werkelijk vertrek (Actual leaving time)
A15: Tijdstip aankomst chauffeur (Arrival Time)
A16: Vertrek te laat % | B16: =COUNTIF(D16:M16,">0") -> 0 | C16: =B16/C5 -> #DIV/0! | D16: =D14-D13 -> -0.66666667 | E16: =E14-E13 -> -0.375 | F16: =F14-F13 -> -0.41666667 | G16: =G14-G13 -> -0.45833333 | H16: =H14-H13 -> -0.52083333 | I16: =I14-I13 -> -0.54166667 | J16: =J14-J13 -> -0.64583333 | K16: =K14-K13 -> -0.66666667 | ... U16: =U14-U13 -> -0.125
A17: Reden afwijking tijd (Reason why he is late) | D17: X
A18: Overige producten mee? (Extra products loaded) | D18: X
A19: Totaal aantal plaatsen | C19: =SUM(D19:U19) -> 0

Sheet Vrijdag
A1: Datum | B1: Week | C1: Totalen
A2: =Maandag!A2+4 -> 46137 | B2: =WEEKNUM(A2) -> 17
A3: Vracht | D3: Rewe/Penny | E3: Hanos | F3: McD Dusiburg | G3: MCD BE | H3: Carrefour FIF | I3: McD NL | J3: McD DE | K3: McD UK | L3: DK auto 1 | M3: DK auto 2 | N3: Rewe / Penny | O3: Rewe / Penny | P3: Rewe / Penny | Q3: Rewe / Penny | R3: Carrefour KDC | S3: Colruyt | T3: Hello Fresh
A4: Opmerking | D4: ma t/m za | E4: ma t/m za | F4: ma t/m za | G4: ma t/m za | H4: ma t/m za | I4: ma t/m za | J4: ma t/m za | K4: ma t/m za | L4: ma t/m za | M4: ma t/mza | N4: ma t/mza | O4: ma t/mza | P4: ma t/mza | Q4: ma t/mza | R4: ma t/m za | S4: ma t/m za | T4: Ma Di Do Vr Za
A5: Totaal aantal auto's | C5: =SUM(D5:T5) -> 0 | D5: =COUNT(D14) -> 0 | E5: 0 | F5: 0 | G5: =COUNT(G14) -> 0 | H5: 0 | I5: =COUNT(I14) -> 0 | J5: =COUNT(J14) -> 0 | K5: =COUNT(K14) -> 0 | L5: =COUNT(L14) -> 0 | R5: =COUNT(R14) -> 0 | S5: =COUNT(S14) -> 0 | T5: 0
A7: Bon afgemeld (Admin) | C7: Naam
A8: Fysieke controle + inspectie auto (Picker) | C8: Naam
A9: Gemeten temperatuur voor verladen | C9: °C
A10: Ingestelde temperatuur voor verladen | C10: °C | D10: 3 | E10: 3 | F10: 3 | G10: 3 | H10: 3 | I10: 3 | J10: 3 | K10: 3 | L10: 3 | M10: 3 | N10: 3 | O10: 3 | P10: 3 | Q10: 3 | R10: 3 | S10: 3 | T10: 3
A11: Logger geactiveerd | C11: Tijdstip | D11: x | E11: x | F11: x | G11: x | H11: x | I11: x | J11: x | K11: x | L11: x | M11: x | N11: x | O11: x | P11: x | Q11: x | R11: x | S11: x | T11: x
A12: Wielkeggen geplaatst | B12: CONTROLE
A13: Tijdstip gepland vertrek | D13: 0.66666667 | E13: 0.375 | F13: 0.41666667 | G13: 0.45833333 | H13: 0.52083333 | I13: 0.54166667 | J13: 0.64583333 | K13: 0.66666667 | L13: 0.6875 | M13: 0.72916667 | N13: 0.70833333 | O13: 0.72916667 | P13: 0.75 | Q13: 0.79166667 | R13: 0.16666667 | S13: 0.0625 | T13: 0.125
A14: Tijdstip werkelijk vertrek (Actual leaving time)
A15: Tijdstip aankomst chauffeur (Arrival Time)
A16: Vertrek te laat % | B16: =COUNTIF(D16:M16,">0") -> 0 | C16: =B16/C5 -> #DIV/0! | D16: =D14-D13 -> -0.66666667 | E16: =E14-E13 -> -0.375 | F16: =F14-F13 -> -0.41666667 | G16: =G14-G13 -> -0.45833333 | H16: =H14-H13 -> -0.52083333 | I16: =I14-I13 -> -0.54166667 | J16: =J14-J13 -> -0.64583333 | K16: =K14-K13 -> -0.66666667 | ... T16: =T14-T13 -> -0.125
A17: Reden afwijking tijd (Reason why he is late) | D17: x
A18: Overige producten mee? (Extra products loaded) | D18: x
A19: Totaal aantal plaatsen | C19: =SUM(D19:T19) -> 0

Sheet Zaterdag
A1: Datum | B1: Week | C1: Totalen
A2: =Maandag!A2+5 -> 46138 | B2: =WEEKNUM(A2) -> 18
A3: Vracht | D3: Rewe/Penny | E3: Hanos | F3: McD Dusiburg | G3: MCD BE | H3: Carrefour FIF | I3: McD NL | J3: McD DE | K3: McD UK | L3: DK auto 1 | M3: DK auto 2 | N3: Rewe / Penny | O3: Rewe / Penny | P3: Rewe / Penny | Q3: Rewe / Penny | R3: Netto MD | S3: Carrefour KDC | T3: Colruyt | U3: Hello Fresh
A4: Opmerking | D4: ma t/m za | E4: ma t/m za | F4: ma t/m za | G4: ma t/m za | H4: ma t/m za | I4: ma t/m za | J4: ma t/m za | K4: ma t/m za | L4: ma t/m za | M4: ma t/mza | N4: ma t/mza | O4: ma t/mza | P4: ma t/mza | Q4: ma t/mza | S4: ma t/m za | T4: ma t/m za | U4: Ma Di Do Vr Za
A5: Totaal aantal auto's | C5: =SUM(D5:M5) -> 0 | D5: =COUNT(D14) -> 0 | E5: 0 | F5: 0 | G5: =COUNT(G14) -> 0 | H5: 0 | I5: =COUNT(I14) -> 0 | J5: =COUNT(J14) -> 0 | K5: =COUNT(K14) -> 0 | L5: =COUNT(L14) -> 0 | S5: =COUNT(S14) -> 0 | T5: =COUNT(T14) -> 0 | U5: 0
A7: Bon afgemeld (Admin) | C7: Naam
A8: Fysieke controle + inspectie auto (Picker) | C8: Naam
A9: Gemeten temperatuur voor verladen | C9: °C
A10: Ingestelde temperatuur voor verladen | C10: °C | D10: 3 | E10: 3 | F10: 3 | G10: 3 | H10: 3 | I10: 3 | J10: 3 | K10: 3 | L10: 3 | M10: 3 | N10: 3 | O10: 3 | P10: 3 | Q10: 3 | R10: 3 | S10: 3 | T10: 3 | U10: 3
A11: Logger geactiveerd | C11: Tijdstip | D11: x | E11: x | F11: x | G11: x | H11: x | I11: x | J11: x | K11: x | L11: x | M11: x | N11: x | O11: x | P11: x | Q11: x | R11: x | S11: x | T11: x | U11: x
A12: Wielkeggen geplaatst | B12: CONTROLE
A13: Tijdstip gepland vertrek | D13: 0.66666667 | E13: 0.375 | F13: 0.41666667 | G13: 0.45833333 | H13: 0.52083333 | I13: 0.54166667 | J13: 0.64583333 | K13: 0.66666667 | L13: 0.6875 | M13: 0.72916667 | N13: 0.70833333 | O13: 0.72916667 | P13: 0.75 | Q13: 0.79166667 | R13: 0.91666667 | S13: 0.16666667 | T13: 0.0625 | U13: 0.125
A14: Tijdstip werkelijk vertrek (Actual leaving time)
A15: Tijdstip aankomst chauffeur (Arrival Time)
A16: Vertrek te laat % | B16: =COUNTIF(D16:M16,">0") -> 0 | C16: =B16/C5 -> #DIV/0! | D16: =D14-D13 -> -0.66666667 | E16: =E14-E13 -> -0.375 | F16: =F14-F13 -> -0.41666667 | G16: =G14-G13 -> -0.45833333 | H16: =H14-H13 -> -0.52083333 | I16: =I14-I13 -> -0.54166667 | J16: =J14-J13 -> -0.64583333 | K16: =K14-K13 -> -0.66666667 | ... U16: =U14-U13 -> -0.125
A17: Reden afwijking tijd (Reason why he is late)
A18: Overige producten mee? (Extra products loaded)
A19: Totaal aantal plaatsen | C19: =SUM(D19:M19) -> 0

Sheet Zondag
A1: Datum | B1: Week | C1: Totalen
A2: =Maandag!A2+6 -> 46139 | B2: =WEEKNUM(A2,21) -> 18
A3: Vracht | D3: McD NL | E3: McD UK | F3: DK auto 1 | G3: DK auto 2 | H3: DK auto 3 | I3: DK auto 4 | J3: Rewe / Penny | K3: Rewe / Penny | L3: Rewe / Penny | M3: Hanos voor Maandag | N3: McD Dusiburg voor Maandag
A4: Opmerking | D4: ma t/m za | E4: ma t/m za | F4: ma t/m za | G4: ma t/m za | H4: ma t/m za | I4: ma t/m za | J4: ma t/mza | K4: ma t/mza | L4: ma t/mza | M4: ma t/m za | N4: ma t/m za
A5: Totaal aantal auto's | C5: =SUM(I5:I5) -> 0 | D5: =COUNT(D14) -> 0 | E5: =COUNT(E14) -> 0 | F5: =COUNT(F14) -> 0 | G5: =COUNT(G14) -> 0 | H5: =COUNT(H14) -> 0 | I5: =COUNT(I14) -> 0 | M5: 0 | N5: 0
A7: Bon afgemeld (Admin) | C7: Naam
A8: Fysieke controle + inspectie auto (Picker) | C8: Naam
A9: Gemeten temperatuur voor verladen | C9: °C
A10: Ingestelde temperatuur voor verladen | C10: °C | D10: 3 | E10: 3 | F10: 3 | G10: 3 | H10: 3 | I10: 3 | J10: 3 | K10: 3 | L10: 3 | M10: 3 | N10: 3
A11: Logger geactiveerd | C11: Tijdstip | D11: x | E11: x | F11: x | G11: x | H11: x | I11: x | J11: x | K11: x | L11: x | M11: x | N11: x
A12: Wielkeggen geplaatst | B12: CONTROLE
A13: Tijdstip gepland vertrek | D13: 0.54166667 | E13: 0.66666667 | F13: 0.6875 | G13: 0.6875 | H13: 0.70833333 | I13: 0.70833333 | M13: 0.375 | N13: 0.41666667
A14: Tijdstip werkelijk vertrek (Actual leaving time)
A15: Tijdstip aankomst chauffeur (Arrival Time)
A16: Vertrek te laat % | B16: =COUNTIF(I16:I16,">0") -> 0 | C16: =B16/C5 -> #DIV/0! | D16: =D14-D13 -> -0.54166667 | E16: =E14-E13 -> -0.66666667 | F16: =F14-F13 -> -0.6875 | G16: =G14-G13 -> -0.6875 | H16: =H14-H13 -> -0.70833333 | I16: =I14-I13 -> -0.70833333 | J16: =J14-J13 -> 0 | K16: =K14-K13 -> 0 | ... N16: =N14-N13 -> -0.41666667
A17: Reden afwijking tijd (Reason why he is late)
A18: Overige producten mee? (Extra products loaded)
A19: Totaal aantal plaatsen | C19: =SUM(I19:I19) -> 0
